Parameters,a1,a2,a3
RigidSolo,0.013526,0.017746,-0.000666
RigidTrailer,0.017125,0.072275,-0.004148
TractorSemitrailer,0.030042,0.040817,-0.00213
CoachBus,-0.000794,0.02109,-0.00109
